PM2.5,PM10,So2,No2,Co,O3,fcm
75,181,65,58,1.78,34,3
225,373,136,124,4.79,17,5
200,346,111,97,4.42,22,5
197,310,118,98,2.95,16,5
180,323,123,115,3.43,16,5
156,268,108,83,2.76,13,4
206,316,114,91,3.04,17,5
95,161,76,64,2.43,30,3
115,198,96,70,2.15,35,4
250,373,140,100,4.11,31,5
355,539,176,134,5.62,28,6
196,302,111,86,3.28,36,5
218,324,167,95,3.72,29,5
218,322,153,110,3.85,26,5
408,596,170,139,6.21,21,6
517,751,179,159,6.41,20,6
321,448,132,113,3.87,17,6
386,602,146,139,5.67,20,6
303,499,124,122,4.71,22,6
26,134,39,28,0.76,48,3
97,151,88,62,2.29,33,3
210,326,159,104,4.23,23,5
222,361.5,172,128.5,4.24,20.5,5
234,397,185,153,4.25,18,5
153,254,144,103,3.26,32,4
102,168,118,58,2.08,36,3
247,357,161,100,4.65,24,5
164,236,102,73,2.99,36,4
203,324,139,80,3.88,30,5
194,316,124,87,3.3,36,5
185,292,103,53,2.7,32,5
133,229,76,52,2.75,25,4
196,339,90,58,3.07,32,5
42,116,42,27,1.43,56,1
57,107,57,31,1.92,57,1
82,136,80,33,1.6,52,3
145,225,90,54,2.77,42,4
124,170,52,45,2.02,39,3
103,143,49,34,1.79,55,3
34,54,58,37,1.28,52,1
122,163,78,52,2.54,40,3
154,229,147,75,3.28,34,4
241,347,166,101,4.22,28,5
303,491,167,112,5.57,32,6
373,569,174,126,6.1,38,6
429,628,167,145,5.74,31,6
347,509,178,116,4.82,26,6
123,207,97,57,2.8,46,4
82,138,73,60,2.19,45,3
97,167,89,68,2.46,20,3
225,336,122,81,3.45,23,5
252,389,159,121,3.81,19,5
286,442,165,126,4.43,12,5
233,357,110,90,3.72,9,5
239,376,158,101,4.43,9,5
356,560,200,126,5.59,15,6
434,672,188,151,6.04,22,6
113,172,63,63,2.93,24,3
89,152,126,70,3.33,20,3
131,230,116,73,3.43,43,4
187,309,124,93,4.12,26,5
232,364,93,98,4.61,19,5
131,238,92,76,3.54,32,4
46,97,60,49,2.26,40,1
73,137,71,54,2.56,33,3
105,192,97,75,3.17,24,4
220,368,163,107,3.94,34,5
185,301,119,91,3.38,34,5
109,186,94,74,2.93,23,4
228,401,132,109,4.23,36,5
31,145,48,35,1.6,55,3
64,154,76,60,2.33,34,3
33,144,54,42,2.16,53,3
91,245,90,73,6.84,42,4
147,326,91,91,3.9,41,5
189,414,94,96,3.46,24,5
50,221,35,39,2.59,62,3
51,108,35,42,2.16,58,1
28,86,23,38,4.46,61,1
68,182,40,55,7.44,45,3
92,222,53,72,9.87,42,4
114,238,53,61,2.25,71,4
156.5,307,58.5,72.5,2.215,63,4
199,376,64,84,2.18,55,5
236,427,79,67,2.67,49,5
245,384,41,63,1.97,14,5
143,318,46,74,1.47,32,4
159,317,32,75,1.65,41,4
95,215,22,54,0.61,49,3
104,239,47,53,0.9,42,4
84,169,28,43,0.7,52,3
120,273,38,46,0.75,56,4
46,139,33,33,0.52,57,3
36,224,19,29,0.7,57,3
37,144,20,23,0.55,69,2
68,216,46,42,0.88,50,3
92,242,46,44,1.1,69,4
151,344,53,60,1.4,79,5
125,301,48,47,1.07,63,4
59,391,30,29,0.74,51,4
60,160,30,44,0.97,53,3
92,213,41,70,1.15,52,4
149,287,57,57,1.68,77,4
116,261,42,33,1.39,94,4
64,151,32,33,0.94,57,3
45,142,29,43,1.1,61,3
81,153,17,38,1.26,58,3
150,258,38,47,1.7,32,4
70,124,28,38,0.97,46,3
95,164,26,37,1.31,55,3
121,205,23,35,1.74,50,4
91,167,31,32,1.9,58,3
101,187,27,28,1.9,63,3
99,173,25,31,2.05,73,3
98,181,27,32,1.91,85,3
45,114,6,18,1.4,48,1
60,160,13,37,1.67,51,3
68,142,17,31,1.89,75,3
83,180,32,37,2.05,80,3
85,181,27,34,1.63,78,3
110,255,25,27,1.87,69,4
27,96,4,14,0.98,63,1
44,212,21,26,0.94,54,3
27,118,3,13,0.38,65,1
36,107,13,32,0.54,58,1
79,188,26,43,0.86,63,3
83,190,20,44,1.35,62,3
68,146,17,29,1.08,64,3
70,171,25,31,1.24,61,3
56,135,19,29,1.16,59,3
31,45,5,12,0.77,61,1
32,109,28,26,1.16,59,1
82,211,54,44,1.87,56,3
32,133,21,24,1.02,55,2
55,236,35,35,1,52,3
64,225,37,38,1.42,71,3
80,199,50,39,1.36,84,3
106,229,60,39,1.58,85,4
106,284,46,31,1.37,82,4
107,270,41,33,1.82,96,4
116,297,60,37,1.78,84,4
115,270,57,33,1.04,80,4
77,183,50,23,0.83,100,3
61,103,20,13,0.75,65,2
87,277,22,18,0.66,50,4
29,134,29,22,0.69,67,2
39,263,22,21,0.67,71,3
43,141,37,37,0.95,78,2
58,207,52,46,1.24,90,3
101,275,56,50,1.6,130,4
113,266,46,28,1.41,106,4
51,97,23,16,0.9,76,2
32,73,21,12,0.87,73,1
44,114,27,35,0.88,74,2
58,133,54,33,1.2,105,2
68,150,45,28,1.26,126,2
88,153,70,37,1.18,87,3
26,66,27,25,0.9,81,1
35,122,33,28,0.97,112,2
35,111,31,32,0.97,100,2
52,99,28,21,1.09,113,2
63,106,30,21,1.17,109,2
52,127,33,34,0.93,125,2
74,181,49,35,1.18,136,2
68,130,36,28,1.3,165,2
113,220,44,31,1.38,134,3
126,180,29,18,1.25,127,3
107,155,27,22,1.15,102,3
117,163,29,38,1.21,94,3
166,238,30,43,1.41,76,4
41,71,23,30,1.02,107,2
56,96,39,30,1.05,112,2
62,99,25,31,0.8,82,2
51,105,26,35,0.9,100,2
72,149,41,45,1.19,120,2
103,145,34,34,1.24,86,3
161,241,32,32,1.75,98,4
55,131,32,29,1.1,94,2
38,113,39,47,1,85,2
66,164,62,84,2.6,109,3
63,134,63,38,2.3,107,2
124,201,66,30,1.48,122,3
86,106,22,24,1.41,78,2
151,199,34,29,1.57,97,4
126,164,30,28,1.56,71,3
78,120,32,25,1.89,93,2
137,205,40,30,1.69,135,3
172,243,40,30,1.59,138,4
166,240,41,29,1.48,158,4
63,133,39,45,0.93,69,3
30,81,23,24,0.72,100,2
95,177,29,38,1.15,106,3
30,104,23,31,0.59,114,2
32,101,23,40,0.55,96,2
50,165,35,51,0.87,122,2
49,112,32,25,0.81,159,2
76,127,32,29,0.93,125,2
90,126,19,24,1.43,116,2
133,201,21,30,1.73,115,3
47,100,21,31,0.99,74,2
54,93,22,25,0.98,73,1
48,102,25,28,1.11,76,2
26,69,25,37,1.11,46,1
30,73,25,37,0.97,51,1
60,106,35,44,0.98,57,1
101,156,31,38,1.59,126,2
86,138,36,23,1.15,139,2
109,167,42,27,1.25,159,2
118,163,35,29,1.26,115,3
120,168,25,25,1.21,124,3
90,105,19,23,1.43,120,2
139,187,56,36,1.84,108,3
129,180,41,32,1.49,101,3
139,202,31,34,1.53,114,4
150,212,31,37,1.63,93,4
47,88,19,30,1.06,54,1
30,52,17,21,1.01,65,1
53,95,24,25,1.32,66,1
51,110,32,33,1.53,120,2
73.5,148,43.5,39,1.43,123,2
96,186,55,45,1.33,126,3
80,142,37,29,0.98,165,2
65,122,32,33,0.82,93,2
40,114,34,39,0.68,118,2
29,46,16,22,0.59,109,1
49,89,23,32,0.89,88,2
27,70,26,30,0.61,109,1
56,141,31,45,0.94,121,2
46,78,25,24,0.87,133,2
74,112,32,29,1.09,97,2
78,126,35,29,0.93,131,2
101,163,57,30,1.39,136,2
154,227,54,28,1.69,147,4
135.5,205,45,29.5,1.56,130.5,4
117,183,36,31,1.43,114,3
45,84,24,27,0.89,94,2
38,85,26,33,0.97,85,1
60,137,39,39,1.02,108,2
78,198,47,47,1.2,120,3
79,127,25,29,1.11,96,2
55,84,16,24,1.12,120,2
109,166,19,42,1.5,61,3
85,115,22,32,1.28,106,2
122,173,41,34,1.45,97,3
38,45,14,25,1.13,90,1
20,41,19,28,0.85,71,1
35,95,30,32,1,91,2
82,155,40,34,1.4,120,2
112,184,33,31,1.57,117,3
146,221,51,30,2.12,112,4
72,126,18,22,1.15,85,2
51,131,32,35,1.24,83,2
72,161,78,44,1.44,94,3
100,168,47,47,1.44,53,3
39,64,11,25,0.97,77,1
63,108,24,32,1.27,87,2
101,161,20,59,1.25,32,3
33,73,18,50,1.02,41,1
52,126,23,68,1,17,3
31,54,14,37,1.01,39,1
66,120,15,49,1.17,60,3
102,177,37,55,1.47,66,3
138,225,26,58,1.49,74,4
143,231,21,64,1.48,70,4
102,164,18,57,1.59,47,3
87,125,14,71,2.12,23,3
76,117,14,51,1.77,48,3
84,131,22,55,1.3,62,3
142,222,50,65,1.42,78,4
83,143,17,60,1.15,60,3
82,162,24,81,1.2,32,3
104,186,18,53,1.4,41,3
41,89,20,29,1.1,38,1
124,200,19,50,1.25,10,4
91,124,8,46,1.09,19,3
140,230,15,57,1.61,26,4
96,130,12,35,1,51,3
67,115,17,45,1.08,34,3
72,143,24,46,1.12,51,3
193,303,47,74,1.41,43,5
360,536,34,92,2.1,43,6
396,594,38,88,2.49,64,6
324,481,37,72,2.11,82,6
235,338,39,55,1.5,53,5
33,61,7,31,0.52,30,1
28,62,12,33,0.54,31,1
89,176,36,42,1.04,39,3
74,197,28,37,0.81,38,3
49,123,39,37,0.96,35,3
106,245,56,59,1.68,42,4
202,378,69,112,2.27,53,5
247,398,48,80,2.26,43,5
218,310,13,56,2.09,12,5
63,145,42,48,1.17,32,3
69,138,39,50,1.23,23,3
191,342,54,85,1.99,19,5
298,495,44,93,2.46,26,6
310,537,29,94,2.99,23,6
101,240,21,59,1.86,26,4
68,184,44,63,1.11,23,3
58,128,44,55,1.01,27,3
130,270,51,98,1.36,18,4
185,353,94,109,1.7,27,5
200,356,66,133,1.76,23,5
176,315,25,95,1.75,28,5
24,74,14,33,0.38,56,1
41,97,29,55,0.7,36,1
121,247,106,93,2.14,23,4
123,235,48,97,1.92,30,4
37,82,18,43,1.24,46,1
39,72,30,38,0.99,31,1
90,131,22,47,1.52,20,3
129,199,33,61,1.79,26,4
151,230,44,72,2,29,4
123,206,29,53,1.57,33,4
28,78,17,24,0.48,60,1
52,123,55,60,1.36,30,3
94,189,77,76,2.08,24,4
191,295,156,100,2.96,17,5
128,205,74,59,1.86,22,4
100,184,117,77,2.82,23,4
224,335,153,120,4.27,16,5
353,532,173,132,4.58,12,6
413,567,167,171,5.28,11,6
525,706,191,197,7.07,12,6
167,265,118,91,3.19,18,4
255,360,144,106,4.83,12,5
149,222,124,85,3.55,14,4
346,464,170,129,7.22,17,6
479,677,146,136,6.87,12,6
194,338,83,86,3.86,12,5
127,220,86,66,3.56,16,4
155,271,89,75,4.16,7,4
116,309,62,53,2.79,28,4
38,106,55,34,1.32,41,1
129,198,122,73,2.98,12,4
24,81,52,41,0.9,45,1
38,63,62,39,1.21,45,1
131,112,152,76,2.9,22,3
195,146,168,91,3.85,13,4
149,127,184,83,4.02,17,4
238,153,184,89,4.98,17,4
343,97,226,111,7.26,14,4
215,149,101,62,4.95,31,4
98,170,155,54,3.06,26,4
47,120,75,37,1.72,36,3
127,222,132,70,3.93,21,4
302,406,202,103,6.92,20,5
193,328,109,57,4.61,32,5
31,87,60,29,1.84,40,1
108,198,146,61,4.2,21,4
234,370,186,135,5.96,13,5
197,317,131,88,4.68,24,5
66,108,101,42,2.53,29,3
37,101,84,32,1.66,41,1
122,228,174,83,5.01,19,4
264,367,258,119,5.86,17,5
246,348,193,100,5.83,22,5
251,344,179,107,5.3,21,5
360,518,236,113,6.93,19,6
385,548,262,142,7.32,15,6
578,797,248,145,10.04,20,6
273,436,188,89,6.34,21,5
166,281,132,80,4.51,23,4
22,151,28,13,1.49,59,2
143,244,129,55,4.12,35,4
180,287,152,60,4.61,35,5
305,462,200,92,7.18,27,6
441,665,235,146,7.86,15,6
265,450,149,113,5.51,18,5
64,128,82,42,1.67,33,3
178,282,151,80,3.86,18,5
325,482,221,112,6.94,15,6
417,608,243,123,7.41,19,6
200,339,150,75,4.15,17,5
141,230,130,62,3.09,19,4
103,157,110,48,2.24,22,3
234,340,163,79,4.74,13,5
233,351,128,91,4.55,9,5
299,462,97,82,4.86,10,5
154,312,74,65,2.73,24,4
134,222,135,69,3.03,19,4
154,294,107,48,3.15,33,4
121,221,149,61,3.5,28,4
143,247,124,70,4.05,11,4
110,182,109,53,3.27,26,4
168,276,136,66,3.49,17,4
280,413,163,96,5.41,17,5
218,342,129,78,4.47,13,5
126,181,75,47,2.6,13,4
241,389,95,55,3.76,15,5
63,98,96,43,2.01,30,3
174,243,121,63,3.99,19,4
140,201,118,50,2.73,22,4
145,216,117,55,3.3,24,4
189,269,143,65,4.61,23,5
256,370,175,74,5.99,24,5
283,403,183,86,5.78,18,5
261,369,139,72,4.81,21,5
33,85,72,32,1.22,48,1
79,137,115,47,2.16,34,3
174,277,212,77,3.79,21,5
81,140,92,41,2.16,41,3
60,101,86,39,1.49,43,3
164,261,178,69,3.28,27,4
229,369,197,88,5.13,26,5
177,276,129,78,4.07,32,4
144,226,123,70,3.26,33,4
193,309,143,74,3.75,32,5
240,373,172,78,4.13,50,5
206,364,125,70,3.97,32,5
149,306,108,54,3.41,36,4
102,195,88,48,2.41,40,4
178,275,102,45,2.99,50,4
161,230,116,38,2.04,42,4
237,307,58,41,3.3,18,5
230,374,65,33,2.93,32,5
35,183,43,20,1.15,59,3
100,226,104,43,2.26,51,4
265,442,111,58,4.13,29,5
136,247,68,36,2.2,42,4
68,108,92,38,1.89,47,3
68,103,82,37,2.06,39,3
153,210,77,44,2.58,21,4
68,127,84,41,2.16,44,3
102,210,116,54,2.72,36,4
33,89,55,26,0.77,59,1
74,130,94,48,1.59,42,3
106,174,108,57,1.6,42,3
167,276,123,55,2.03,46,4
203,315,116,69,2.54,41,5
244,385,98,86,3.9,26,5
47,99,46,33,0.98,54,1
67,141,85,53,1.15,47,3
99,200,83,57,1.72,54,4
108,211,80,65,1.85,42,4
123,205,104,70,2.28,36,4
119,225,106,64,1.92,36,4
132,289,99,70,2.17,41,4
253,410,75,54,2.34,34,5
194,352,47,56,2.2,48,5
64,146,43,48,1.34,55,3
121,280,51,73,1.9,52,4
92,281,45,51,1.61,58,4
39,166,35,34,0.91,63,3
46,257,30,39,1.03,43,4
51,161,33,41,0.96,49,3
93,223,48,58,1.74,44,4
128,243,50,70,2.17,49,4
106,193,66,60,1.73,84,3
99,175,64,50,1.41,79,3
79,253,37,49,1.14,58,4
75,335,44,57,1.36,59,4
137,309,57,42,1.85,92,4
136,222,26,40,1.89,43,4
71,113,27,48,1.35,42,3
57,81,19,34,1.34,72,1
93,134,28,47,1.54,64,3
63,97,22,35,0.94,97,2
69,130,17,33,1.02,76,2
25,56,11,21,0.84,72,1
53,93,18,40,0.92,64,1
109,157,33,50,1.1,46,3
165,240,45,66,1.6,53,4
119,183,32,64,1.21,58,3
132,203,35,57,1.46,74,4
18,54,14,26,0.65,70,1
28,54,17,31,0.64,83,1
77,131,36,55,1.06,68,3
114,252,63,57,1.52,65,4
29,138,19,16,0.38,91,2
70,175,56,54,1.09,68,3
111,253,49,71,1.15,39,4
70,133,30,37,1.14,59,3
98,164,35,49,1.26,58,3
69,154,34,40,0.88,73,3
42,109,26,42,0.75,76,2
75,151,44,49,0.91,80,3
50,152,31,37,0.94,92,2
91,176,52,48,1.26,109,3
106,177,55,39,1.28,89,3
94,160,53,36,1.17,102,3
78,129,35,38,1.47,82,2
124,182,70,41,1.29,83,3
114,168,33,42,1.09,115,3
96,139,27,30,0.94,96,2
37,60,15,27,0.59,89,1
84,157,21,49,0.8,69,3
40,96,28,37,0.57,87,2
84,151,47,49,1.09,91,3
30,111,20,28,0.54,87,2
48,104,30,34,0.77,94,2
112,170,40,40,1.22,117,3
43,65,18,30,1.06,53,1
34,52,18,37,1.01,38,1
33,53,16,25,0.7,60,1
22,54,18,24,0.43,90,1
58,115,44,46,1.07,80,2
22,72,20,28,0.35,90,1
39,85,20,34,0.57,97,2
80,140,43,46,1.03,119,2
91,152,35,30,1.06,101,3
38,87,21,33,0.66,103,2
25,78,18,32,0.42,78,1
18,46,16,28,0.37,89,1
57,104,48,47,0.72,83,2
61,103,45,43,1.11,121,2
97,147,43,38,1.23,156,2
115,172,54,42,1.25,154,2
105,162,56,40,1.16,161,2
91,143,45,36,1.09,149,2
109,168,29,34,1.02,138,2
106,160,38,35,1.11,122,2
85,125,23,40,0.87,63,3
75,131,31,44,0.85,82,2
56,105,36,33,0.75,119,2
100,181,49,41,1.23,122,3
42,88,26,37,0.62,85,1
59,126,39,57,0.89,89,2
54,109,37,44,0.72,77,2
51,127,42,45,0.73,95,2
40,100,25,31,0.58,122,2
29,61,27,34,0.46,71,1
43,85,29,48,0.62,71,1
62,127,29,47,1.04,132,2
81,128,20,30,2.64,122,2
28,63,14,31,1.06,83,1
14,43,13,22,0.35,90,1
16,42,19,32,0.53,94,1
45,96,22,52,0.8,112,2
84,165,47,59,1.27,115,3
109,193,41,62,1.31,125,3
78,143,22,43,1.07,148,2
49,89,16,28,0.89,134,2
31,78,19,43,0.56,80,1
37,71,25,40,0.63,87,1
56,114,24,59,0.72,123,2
79,139,33,49,0.93,136,2
111,171,29,37,1.26,157,2
54,82,20,26,0.71,133,2
71,113,22,29,0.81,126,2
93,137,15,27,0.94,141,2
94,148,31,30,1.22,146,2
108,167,35,32,1.25,136,2
83,124,16,25,0.97,106,2
18,37,11,17,0.53,76,1
42,80,17,35,0.64,59,1
18,44,15,36,0.5,56,1
28,65,22,32,0.69,106,1
28,59,23,28,0.52,98,1
56,90,19,30,0.8,115,2
60,101,25,26,0.84,119,2
68,111,36,31,0.83,129,2
108,165,35,37,1.05,125,2
110,164,34,29,0.99,129,2
65,110,34,27,0.8,134,2
102,151,82,34,0.97,135,2
82,122,65,37,0.85,126,2
96,167,36,46,1.27,159,2
62,116,35,40,0.98,117,2
76,134,26,51,0.93,78,3
45,71,15,22,0.81,116,2
46,78,16,22,0.98,87,1
57,90,20,23,0.93,110,2
42,66,17,18,0.75,117,2
74,115,16,25,0.98,83,2
86,132,20,30,1.04,99,2
76,119,23,27,0.97,94,2
82,140,19,34,0.96,90,2
56,96,28,34,0.85,101,2
91,154,23,35,1.1,118,2
82,144,24,31,1.05,117,2
105,169,19,25,1.21,108,3
54,97,23,20,0.86,113,2
58,107,22,27,0.97,80,2
40,75,20,19,0.87,87,1
36,77,19,25,1.13,65,1
47,89,19,29,1.04,59,1
81,144,19,35,1.18,51,3
93,175,22,33,1.46,37,3
29,61,21,30,0.83,81,1
101,170,18,30,1.43,85,3
77,140,15,35,1.03,78,3
78,141,13,39,0.86,66,3
46,95,11,23,0.62,103,2
124,206,13,30,0.99,104,3
148,241,14,45,1.08,96,4
126,207,14,42,1.24,87,3
110,178,19,33,1.08,114,3
115,187,25,28,1.02,120,3
99,169,20,31,0.78,94,3
80,140,17,47,0.69,95,2
98,158,22,51,0.92,106,3
107,170,21,36,1.74,87,3
61,120,13,29,0.62,72,2
48,94,12,27,0.51,80,1
75,142,16,40,0.78,87,2
45,100,13,28,0.58,94,2
30,77,14,38,0.59,77,1
37,83,12,22,1.08,101,2
19,48,9,23,0.56,79,1
23,52,9,26,0.49,71,1
29,64,10,26,0.47,80,1
34,70,9,32,0.57,82,1
57,98,14,24,0.97,97,2
42,75,11,22,0.69,107,2
48,79,8,23,0.77,79,1
31,53,6,15,0.8,73,1
18,38,6,15,0.45,62,1
16,34,8,21,0.34,53,1
18,33,9,26,0.43,44,1
33,52,10,29,0.54,53,1
33,52,9,16,0.5,81,1
22,44,9,23,0.43,87,1
41,79,12,38,0.67,73,1
68,118,20,60,0.77,87,2
70,113,13,43,0.82,75,2
19,36,8,23,0.46,34,1
20,37,8,19,0.33,58,1
15,39,9,26,0.26,52,1
38,84,14,44,0.57,54,1
70,129,19,45,0.88,73,3
96,167,18,63,0.99,74,3
133,221,19,73,1.08,61,4
159,250,21,71,1.39,69,4
129,205,14,64,1.23,66,4
90,149,13,56,1.11,37,3
66,130,18,48,0.93,92,2
96,172,27,53,1.12,88,3
125,205,18,35,1.27,73,3
62,111,12,37,0.89,66,2
113,193,24,63,1.07,67,3
32,71,17,37,0.51,76,1
57,126,27,61,0.68,61,3
70,136,20,56,0.7,81,3
49,80,8,27,0.93,63,1
38,61,9,40,1.2,23,1
26,45,10,39,0.62,24,1
17,50,13,29,0.42,45,1
37,99,16,49,0.64,45,1
47,120,18,64,0.92,45,3
135,242,30,95,1.44,46,4
179,279,32,97,1.78,71,4
241,365,26,106,2.01,84,5
182,256,25,70,1.43,73,4
29,71,13,33,0.46,48,1
24,69,17,36,0.57,44,1
12,41,11,22,0.31,45,1
22,59,14,41,0.57,49,1
57,104,23,61,0.81,43,1
108,185,39,84,1.32,55,3
195,312,48,105,2.33,40,5
167,288,39,86,2.31,82,4
225,338,49,101,2.16,70,5
230,349,43,103,1.93,69,5
85,154,25,48,1.03,43,3
49,105,33,50,0.79,38,1
70,133,28,62,1.44,18,3
32,56,21,38,1.03,27,1
19,28,13,35,0.58,30,1
41,64,18,53,0.92,21,1
49,94,28,69,1.35,20,1
26,69,47,67,0.88,17,1
27,54,17,41,0.56,31,1
17,58,21,47,0.5,34,1
26,61,20,59,0.52,27,1
39,93,32,73,0.95,23,1
37,80,34,65,0.7,24,1
76,137,53,99,1.19,19,3
98,172,61,89,1.51,26,3
75,150,54,79,1.56,21,3
85,153,55,87,1.46,34,3
123,198,54,99,1.57,28,4
103,178,33,73,1.13,25,3
20,35,18,31,0.46,36,1
21,32,13,37,0.56,39,1
46,67,17,49,1.04,27,1
86,127,25,63,1.38,18,3
79,134,30,59,1.42,17,3
110,192,57,75,2.23,13,4
118,166,67,88,2.84,13,3
167,218,73,116,4.34,10,4
153,208,75,96,3.54,12,4
150,222,58,96,3.76,14,4
34,56,41,55,1.21,23,1
62,97,44,67,1.69,13,1
36,56,61,46,1.07,25,1
56,84,87,51,1.19,14,1
53,81,42,53,1.84,9,1
32,40,36,52,2.06,10,1
42,54,39,45,1.71,23,1
34,41,35,32,1.1,36,1
44,56,65,49,1.96,23,1
45,57,52,37,1.48,35,1
63,80,91,58,2.18,37,1
142,172,141,80,3.14,22,4
265,313,159,108,4.99,20,5
417,493,152,131,6.95,12,6
530,629,122,128,7.74,22,6
169,288,88,70,3.57,15,4
109,195,42,47,2.14,33,3
20,45,27,22,0.84,47,1
130,191,87,71,3.41,15,4
256,346,138,106,5.63,8,5
364,458,174,138,5.56,7,6
275,349,115,130,4.2,6,5
314,405,87,108,5.76,8,5
267,363,102,127,5.3,7,5
301,391,94,119,6.22,16,5
110,156,93,76,2.76,10,3
132,189,102,72,2.77,16,4
303,397,100,129,4.87,6,5
179,243,58,82,2.59,15,4
19,49,28,23,0.73,46,1
18,40,26,21,0.72,40,1
122,179,96,68,3.13,11,4
181,258,121,106,4.33,14,4
203,270,122,126,5.46,8,5
333,426,135,150,7.19,7,6
407,516,123,164,8.2,6,6
319,402,109,158,6.89,6,5
263,409,65,135,7.15,6,5
323,413,98,132,7.48,8,5
250,375,61,109,6.7,10,5
131,226,39,79,5.11,10,4
41,70,47,35,1.28,28,1
179,243,91,81,3.84,11,4
308,397,119,122,6.17,9,5
298,378,118,128,6.48,13,5
297,385,147,142,6.7,8,5
222,297,122,147,5.85,9,5
392,514,137,177,7.5,11,6
293,418,74,135,6.47,7,5
158,240,70,71,3.53,17,4
122,181,95,64,3.04,20,4
180,250,117,87,4.31,15,4
122,176,76,69,3.07,17,4
180,246,102,85,3.98,15,4
239,316,119,113,4.37,13,5
154,215,88,90,3.21,12,4
74,116,59,54,1.72,24,3
159,222,84,77,3.49,16,4
209,282,101,99,4.69,13,5
176,245,103,101,3.8,15,4
212,284,106,117,4.53,15,5
153,215,64,86,3.01,7,4
88,128,41,62,2.12,22,3
84,128,47,61,1.97,27,3
113,174,81,81,2.66,16,4
235,306,117,111,5.31,7,5
125,170,79,83,3.62,9,4
45,75,25,36,1.17,43,1
33,69,25,25,0.8,49,1
27,56,37,34,0.94,47,1
141,188,101,89,3.98,19,4
102,144,86,86,3.04,20,3
203,269,144,117,5.66,12,5
125,174,109,110,3.27,12,4
64,93,61,66,1.89,21,1
55,73,58,51,1.35,27,1
114,139,68,66,2.68,30,3
148,188,92,84,3.51,27,4
152,194,119,96,3.97,24,4
185,230,115,104,4.55,23,4
119,155,94,84,3.18,26,3
132,170,88,77,3.59,33,4
98,132,79,63,2.61,36,3
135,180,96,70,3.59,33,4
128,180,119,54,2.19,43,4
122,158,99,64,3.46,40,3
103,136,87,66,2.96,34,3
98,136,76,66,3.09,20,3
145,194,47,58,3.39,13,4
33,47,29,26,1.05,48,1
11,23,14,12,0.67,75,1
14,33,24,21,0.87,67,1
26,51,45,38,1.3,56,1
66,99,74,65,2.39,34,3
39,76,63,50,1.49,53,1
55,92,56,49,1.74,49,1
24,42,40,31,1.06,58,1
85,135,77,70,2.19,28,3
185,257,98,99,3.87,20,4
20,36,31,26,0.91,64,1
47,76,49,50,1.45,38,1
51,86,78,59,1.49,38,1
71,114,79,73,2.01,35,3
38,62,49,58,1.44,40,1
35,56,37,41,1.22,50,1
27,49,48,45,1.11,48,1
99,146,96,96,2.51,28,3
79,131,84,79,1.98,42,3
138,215,98,88,2.7,51,4
150,213,52,73,2.53,30,4
54,200,36,47,1.09,51,3
85,234,67,89,2.37,16,4
43,129,41,60,1.44,46,3
17,51,22,29,0.56,55,1
38,72,35,43,1.04,42,1
21,59,27,32,0.74,59,1
53,107,59,59,1.47,41,3
96,168,101,86,2.29,24,3
54,108,51,58,1.41,52,3
59,130,79,64,1.53,49,3
81,155,68,58,1.43,65,3
167,254,83,81,1.85,76,4
172,278,94,101,2.18,69,4
184,327,60,125,2.61,75,5
53,129,33,55,0.83,57,3
47,113,47,65,1.15,51,3
91,187,69,73,1.51,63,3
86,194,47,68,1.15,48,3
41,101,21,40,0.68,50,1
33,76,17,42,0.62,47,1
43,97,23,50,0.74,44,1
35,81,16,42,0.55,54,1
49,113,26,49,0.82,51,1
73,194,51,60,1.01,54,3
28,108,22,27,0.45,72,1
66,160,40,62,1.02,57,3
109,320,58,64,1.08,79,4
54,230,28,47,0.59,78,3
16,57,10,26,0.45,79,1
21,58,10,23,0.49,85,1
75,138,41,57,0.89,62,3
86,177,38,61,0.97,81,3
145,234,28,67,1.39,52,4
109,233,15,70,1.09,55,4
25,116,19,30,0.47,77,2
68,225,29,56,0.99,67,3
41,165,23,30,0.78,79,3
34,113,18,37,0.62,81,2
94,167,30,64,1.15,58,3
133,257,25,77,1.24,57,4
55,173,18,45,0.68,78,3
64,156,42,58,0.91,65,3
30,98,7,22,0.41,74,1
12,48,5,15,0.31,83,1
16,53,8,18,0.4,84,1
54,95,24,57,0.79,48,1
93,173,26,61,1.18,75,3
67,176,26,44,0.76,76,3
45,166,26,40,0.57,75,3
49,148,35,47,0.64,53,3
78,203,44,49,0.95,75,3
66,140,28,27,0.77,114,2
91,202,41,42,1.03,103,3
90,172,26,47,1.12,92,3
72,126,16,33,0.87,106,2
126,227,49,48,1.6,98,4
122,229,42,58,1.24,104,4
136,261,35,46,1.23,98,4
47,108,16,20,0.5,74,2
29,93,9,30,0.41,70,1
62,144,41,55,0.91,82,3
66,138,39,54,1.4,68,3
53,196,14,28,0.49,77,3
42,98,15,39,0.54,72,1
58,128,44,40,0.83,81,2
70,133,35,38,0.85,75,3
94,174,19,44,0.89,98,3
145,225,33,33,1.3,110,4
63,114,11,29,0.64,73,2
47,108,41,43,0.61,67,2
56,75,9,33,0.82,55,1
42,71,11,36,0.87,48,1
35,86,29,44,0.6,65,1
61,128,50,43,0.81,98,2
62,117,25,32,0.77,114,2
81,136,31,38,1.06,147,2
107,183,44,67,1.24,111,3
92,152,33,48,1.07,115,2
54,96,27,39,0.82,121,2
87,143,38,46,0.87,90,3
19,54,14,24,0.39,107,1
28,67,18,28,0.5,88,1
41,103,24,46,0.57,73,1
67,147,47,61,0.98,68,3
56,105,44,43,1.34,89,2
60,122,29,38,0.77,99,2
88,157,37,40,1.15,121,2
53,164,31,34,0.94,87,3
33,85,44,44,0.87,92,2
38,92,26,50,0.77,106,2
87,164,64,66,1.47,96,3
71,124,39,35,1.1,111,2
83,142,42,47,1.16,107,2
84,130,31,39,1,107,2
64,91,16,28,1.25,86,2
110,158,24,40,1.41,113,3
57,116,34,38,0.84,122,2
43,81,18,23,0.82,137,2
11,35,15,27,0.43,93,1
30,75,25,48,0.68,122,2
48,86,23,35,0.81,81,1
41,60,9,19,0.78,89,1
23,44,12,23,0.57,93,1
21,61,19,45,0.49,78,1
39,99,35,48,0.84,114,2
34,64,23,32,0.76,125,2
45,85,26,31,0.75,143,2
58,87,19,26,0.85,130,2
47,89,9,33,0.75,120,2
48,90,12,29,0.7,101,2
28,64,12,36,0.45,73,1
18,51,9,28,0.3,70,1
16,48,9,26,0.25,88,1
42,103,29,50,0.71,98,2
82,141,21,34,0.79,102,2
78,111,9,27,0.66,65,2
135,189,9,43,0.87,47,3
98,142,16,45,0.96,81,3
27,48,8,32,0.47,71,1
43,74,13,40,0.72,89,1
62,91,22,32,0.85,108,2
64,104,19,42,0.82,100,2
73,111,28,32,0.8,106,2
48,84,28,37,0.68,115,2
105,163,33,50,0.94,115,3
87,133,23,37,0.93,75,3
78,121,10,32,0.77,90,2
64,97,20,31,0.85,75,2
71,113,30,33,0.71,85,2
48,77,18,31,0.53,63,1
31,58,18,30,0.6,95,1
52,94,43,45,1.08,72,1
30,52,11,30,0.52,77,1
66,106,18,50,1.02,86,2
78,120,15,40,1.02,113,2
133,191,19,50,1.31,95,3
125,164,7,41,1.42,44,3
27,33,4,19,0.84,59,1
33,48,7,28,0.82,45,1
73,99,10,40,1.12,74,2
124,176,22,47,1.5,77,3
88,130,14,32,0.97,44,3
35,54,9,23,0.59,69,1
38,62,13,27,0.77,101,1
85,135,35,33,1.18,111,2
108,147,37,32,1.11,122,2
102,146,25,37,0.96,143,2
120,164,17,35,1.02,95,3
68,94,12,27,0.9,100,2
96,134,15,31,1.44,105,2
52,72,19,30,1.03,119,2
51,73,24,32,1.09,121,2
61,85,24,30,1.01,93,2
56,77,39,30,0.82,72,1
69,90,24,32,0.72,81,2
32,41,14,23,0.43,80,1
28,42,14,33,0.62,79,1
36,52,15,34,0.69,75,1
57,76,23,30,0.84,82,1
55,78,31,28,0.88,76,1
52,74,19,26,0.8,66,1
20,31,11,33,0.57,54,1
19,35,17,40,0.49,34,1
16,25,6,29,0.41,51,1
22,38,13,34,0.62,51,1
37,65,14,39,0.87,36,1
54,73,8,29,0.99,54,1
24,33,12,22,1.12,73,1
26,44,13,28,0.79,79,1
43,71,28,39,1.06,95,1
38,65,22,38,0.8,70,1
39,63,30,38,0.69,66,1
47,77,14,44,1.05,62,1
27,47,11,30,0.57,46,1
10,22,12,34,0.24,45,1
13,31,13,45,0.37,41,1
8,24,20,36,0.26,50,1
18,41,20,45,0.52,66,1
27,56,27,40,0.76,60,1
18,41,16,39,0.57,37,1
9,30,23,33,0.37,30,1
23,51,37,46,0.77,37,1
16,37,16,33,0.63,51,1
25,43,20,29,0.68,56,1
38,64,20,41,0.95,53,1
35,62,21,43,0.79,43,1
19,43,17,25,0.61,67,1
30,65,29,43,0.63,72,1
51,109,34,54,0.65,74,2
36,81,14,38,0.61,75,1
37,60,10,33,0.61,72,1
58,96,12,33,0.98,89,2
101,161,30,54,1.19,85,3
101,176,31,47,1.04,91,3
147,223,36,42,1.34,109,4
147,229,34,44,1.24,93,4
67,120,15,31,1.07,73,2
44,70,7,30,0.95,27,1
26,54,8,35,0.46,48,1
41,81,16,44,0.66,61,1
71,127,36,45,0.86,91,2
117,188,22,54,1.11,87,3
151,228,20,51,1.25,104,4
174,282,32,61,1.59,95,4
157,254,37,51,1.34,97,4
75,109,11,35,1.1,67,2
54,90,4,39,0.77,37,1
25,51,11,41,0.47,39,1
88,146,30,64,0.79,58,3
118,199,35,97,1.05,65,4
219,334,83,116,1.78,39,5
189,286,28,89,1.63,73,4
211,315,18,82,1.57,65,5
93,136,14,45,0.99,26,3
60,101,14,57,1.18,28,1
79,131,19,56,1.09,32,3
68,92,15,42,1.03,23,1
30,57,14,40,0.53,39,1
52,99,30,64,0.9,15,1
90,158,41,76,1.33,20,3
105,167,38,72,1.23,39,3
84,134,22,57,1.05,37,3
200,291,31,89,1.61,35,4
67,107,38,51,0.96,46,3
109,163,39,73,1.01,13,3
109,140,15,49,0.85,29,3
101,161,22,55,0.98,34,3
170,246,30,76,1.75,20,4
253,370,21,69,1.77,19,5
100,154,9,61,1.08,24,3
43,57,6,51,1.09,20,1
29,43,6,47,0.87,9,1
44,71,11,51,0.89,16,1
85,126,18,63,1.08,9,3
91,135,19,68,1.77,7,3
80,131,15,57,1.81,11,3
37,70,8,55,0.95,6,1
22,42,7,39,0.56,24,1
38,82,24,45,0.61,24,1
71,139,28,60,1.02,14,3
51,82,11,39,0.49,45,1
77,120,23,60,0.83,25,3
114,193,54,77,1.59,12,4
196,294,37,88,2.73,9,5
273,400,28,124,3.04,8,5
130,198,11,92,2.82,13,4
99,145,21,58,0.79,31,3
138,189,25,73,1.27,20,4
72,113,21,55,1,21,3
143,215,49,78,1.61,8,4
105,219,18,66,1.24,23,4
142,238,30,82,1.96,10,4
98,180,33,79,1.87,19,3
187,277,33,89,2.24,16,4
192,304,30,97,2.83,12,5
97,178,44,79,1.67,18,3
144,233,36,97,2.59,6,4
134,244,27,77,2.37,4,4
186,352,29,78,2.6,4,5
220,324,40,101,3.1,9,5
66,100,30,43,1.08,17,1
30,42,10,27,0.51,31,1
34,56,13,29,0.46,36,1
140,186,52,64,1.88,10,4
175,236,58,81,2.39,10,4
277,352,61,94,3.23,7,5
268,384,48,88,3.2,16,5
162,251,49,88,2.52,16,4
92,135,53,73,1.86,15,3
135,188,70,103,3.08,6,4
117,170,50,84,2.23,16,3
75,108,49,74,1.59,20,3
161,211,69,111,3.14,8,4
286,348,83,135,5.4,8,5
329,396,57,176,5.74,7,5
104,137,41,75,2.66,17,3
151,200,56,89,3.1,9,4
142,197,105,106,3.17,11,4
168,218,87,106,3.79,11,4
28,47,24,50,1.04,24,1
122,164,70,90,3.35,10,4
161,207,82,98,3.71,13,4
203,256,86,123,3.85,7,4
91,123,42,75,2.01,14,3
56,78,35,56,1.42,22,1
121,160,61,84,2.41,13,3
194,244,86,97,3.18,10,4
262,322,67,126,4.43,7,5
286,357,49,137,4.18,10,5
408,494,38,142,7.37,9,6
297,421,20,115,8.04,9,5
399,513,41,131,8.47,9,6
316,444,34,110,6.95,13,5
50,70,27,57,1.08,24,1
103,134,57,79,2.4,12,3
172,217,85,111,4.03,7,4
114,138,45,81,2.39,14,3
111,130,32,59,1.84,16,3
151,176,31,63,1.91,16,4
277,323,65,94,4.41,8,5
221,263,58,89,3.65,7,4
335,430,58,114,6.81,7,5
201,315,50,114,5.37,7,5
232,310,35,133,6.63,12,5
298,418,38,131,7.89,10,5
228,318,57,140,7.92,9,5
212,291,50,119,6.2,6,5
242,305,118,111,4.28,6,5
247,303,63,103,4.21,7,5
174,239,21,78,3.65,7,4
166,241,28,70,2.42,15,4
147,196,48,66,1.97,19,4
186,232,68,83,2.61,13,4
286,350,78,108,3.82,15,5
196,246,78,83,2.82,21,4
159,201,72,77,2.88,20,4
78,111,54,50,1.18,18,3
118,156,75,71,2.11,9,3
161,212,58,80,2.45,17,4
189,241,55,82,2.6,17,4
114,185,30,44,1.6,39,3
65,100,35,48,1.24,36,1
88,126,42,39,1.53,37,3
83,120,49,47,1.35,33,3
162,205,82,75,2.89,18,4
142,184,78,81,2.83,17,4
265,325,92,100,4.16,18,5
341,420,94,103,4.59,23,5
146,193,78,38,1.27,47,4
549,661,188,75,4.01,14,6
134,184,50,38,1.7,37,4
50,65,28,19,0.88,56,1
117,146,68,47,1.67,38,3
123,155,54,52,1.93,38,3
253,306,104,92,3.62,21,5
360,431,126,108,5.07,18,6
260,321,49,57,2.44,17,5
289,376,53,73,3.53,27,5
89,120,47,55,1.85,31,3
62,94,45,44,1.23,31,1
100,141,48,50,1.76,39,3
24,45,12,22,0.56,64,1
38,64,24,39,0.83,53,1
174,238,114,72,2.52,30,4
261,343,93,97,2.94,26,5
201,275,80,100,3.06,27,5
287,366,97,105,3.82,17,5
275,366,83,130,3.61,24,5
176,294,52,85,2.28,33,4
56,105,31,49,0.89,38,1
139,214,68,79,1.82,30,4
166,257,56,88,2.24,33,4
28,61,18,27,0.48,62,1
59,86,30,44,0.88,35,1
173,209,27,54,1.8,27,4
116,150,30,52,1.51,47,3
80,122,33,63,1.5,39,3
49,82,26,56,0.95,45,1
57,90,26,54,0.97,51,1
105,162,42,60,1.4,41,3
66,107,30,60,1.07,40,3
45,82,18,34,0.66,59,1
47,100,37,45,0.84,48,1
94,165,46,64,1.38,42,3
114,174,35,70,1.58,56,3
92,144,29,49,1.25,62,3
37,82,20,36,0.66,55,1
23,45,13,26,0.47,64,1
24,47,15,31,0.57,70,1
40,72,21,49,0.78,55,1
92,154,40,68,1.33,49,3
123,199,54,83,1.32,49,4
27,58,20,29,0.49,72,1
34,63,19,43,0.66,59,1
52,96,26,51,0.83,58,1
88,143,41,64,1.14,60,3
86,152,45,54,0.94,70,3
141,215,54,69,1.37,44,4
208,308,50,93,2.18,57,5
214,300,56,80,2.16,81,5
169,265,45,78,1.42,54,4
60,110,32,38,0.78,74,2
140,205,63,80,1.36,39,4
106,126,23,47,1.03,48,3
79,86,14,43,1.17,39,1
64,92,10,41,0.95,50,1
23,41,9,25,0.44,75,1
30,55,24,36,0.59,75,1
66,90,25,31,0.66,87,2
115,170,46,48,1.01,72,3
130,200,45,50,1.04,60,4
56,102,18,47,0.7,75,2
39,84,21,40,0.61,70,1
85,146,35,70,1.38,66,3
144,232,59,78,1.67,75,4
92,145,64,45,1.02,68,3
65,82,30,24,0.71,87,2
159,213,29,58,1.52,65,4
142,212,34,49,1.3,91,4
97,150,19,55,1.13,43,3
47,86,23,43,0.92,52,1
63,117,41,53,0.98,51,3
54,109,20,45,1.04,58,1
75,148,29,47,0.98,71,3
53,115,24,47,1.1,56,1
48,105,18,45,0.85,58,1
72,155,34,58,0.91,62,3
67,151,40,60,1.14,43,3
87,238,20,40,1,55,4
23,69,13,19,0.47,91,1
75,159,61,72,1.34,22,3
86,176,23,56,1.04,43,3
25,68,8,27,0.49,76,1
47,115,26,40,0.75,73,2
49,113,28,40,0.77,80,2
55,118,22,40,0.96,90,2
27,69,9,25,0.48,69,1
37,90,12,41,0.63,65,1
31,81,11,36,0.53,70,1
39,98,12,44,0.62,67,1
46,117,14,45,0.69,72,2
50,188,22,36,0.59,79,3
48,145,21,45,0.89,83,2
63,144,23,46,1.03,115,2
53,99,19,26,0.69,92,2
230,937,11,31,0.61,53,6
142,575,20,29,0.61,70,5
37,136,19,29,0.7,86,2
45,116,20,41,0.72,89,2
102,211,55,58,1.1,93,4
41,101,19,24,0.67,109,2
63,142,40,43,0.95,105,2
49,157,15,42,0.75,86,2
40,178,32,27,0.67,99,2
32,119,12,22,0.53,99,2
35,94,15,32,0.68,87,2
40,108,32,45,0.84,94,2
53,115,41,34,0.94,113,2
77,149,43,36,1.13,134,2
114,201,36,59,1.33,141,3
84,168,34,37,0.97,137,2
74,141,29,42,1.01,137,2
78,152,26,47,0.98,127,2
58,88,8,28,0.95,65,1
27,51,9,27,0.44,112,1
30,74,15,39,0.53,89,1
30,96,16,39,0.58,90,2
51,117,31,41,0.83,147,2
97,193,33,68,1.41,156,2
112,204,21,44,1.56,204,2
46,150,15,29,0.94,122,2
47,105,13,41,0.96,83,2
42,82,19,32,0.87,113,2
41,82,21,24,0.91,156,2
35,92,24,35,0.8,70,1
27,59,15,26,0.69,100,1
54,104,39,45,0.77,122,2
77,153,45,59,0.94,110,2
39,52,12,26,0.61,90,1
54,86,16,36,0.73,111,2
48,102,23,34,0.79,132,2
42,109,26,30,0.8,138,2
31,96,28,25,0.71,93,2
37,103,28,40,0.68,122,2
51,105,21,37,0.91,117,2
52,95,19,33,0.9,127,2
67,121,11,47,0.9,120,2
57,120,19,36,0.8,214,2
81,150,25,38,0.83,180,2
87,160,29,33,1.05,176,2
65,128,24,32,0.97,182,2
67,115,15,36,0.96,167,2
55,111,14,31,0.9,158,2
70,120,19,34,0.9,151,2
40,48,7,18,0.87,99,1
28,36,4,13,0.88,107,1
26,40,9,14,0.58,115,1
50,84,21,29,0.69,133,2
35,64,9,33,0.58,126,2
68,128,20,52,0.8,153,2
63,118,16,26,0.78,193,2
49,90,9,20,0.72,181,2
67,118,19,24,0.79,184,2
72,124,17,21,0.76,184,2
85,153,25,34,0.83,166,2
58,94,22,23,0.77,138,2
33,54,9,23,0.74,118,1
65,100,10,22,0.73,152,2
52,68,10,22,0.74,98,1
46,66,9,17,0.73,135,2
48,94,12,21,0.62,185,2
73,116,7,20,0.8,175,2
31,56,14,28,0.55,115,1
45,111,22,41,0.67,162,2
48,94,18,29,0.81,157,2
56,100,9,18,0.72,146,2
35,62,10,21,0.53,162,2
40,60,6,15,0.68,143,2
52,79,8,19,0.79,123,2
47,74,13,20,0.77,121,2
56,93,15,30,0.76,101,2
59,87,12,22,0.7,106,2
82,126,23,31,0.82,111,2
38,48,7,18,0.67,70,1
34,49,7,15,0.54,82,1
62,100,11,27,0.72,100,2
61,96,10,37,0.76,67,1
41,58,8,27,0.74,80,1
43,62,8,29,0.72,65,1
64,97,14,34,0.87,69,2
56,91,14,36,0.91,50,1
32,46,13,19,0.57,92,1
60,87,24,31,0.58,116,2
90,125,11,31,0.87,136,2
78,109,14,30,0.91,95,2
39,57,8,20,0.58,64,1
41,65,11,20,0.66,97,1
57,95,13,41,0.73,104,2
36,59,10,33,0.59,91,1
50,77,12,28,0.62,129,2
31,59,10,35,0.42,108,1
63,112,28,36,0.65,163,2
35,50,7,16,0.39,147,2
59,92,13,27,0.63,138,2
83,124,10,32,0.76,118,2
45,70,6,26,0.65,110,2
43,58,7,21,0.62,95,1
36,52,7,18,0.47,106,1
46,66,12,20,0.55,108,2
55,77,13,26,0.69,109,2
37,52,9,17,0.94,114,1
49,68,10,30,0.77,99,1
42,50,6,17,0.6,96,1
55,73,8,22,0.72,117,2
68,96,14,27,0.73,119,2
68,97,12,26,0.64,105,2
47,71,8,22,0.64,135,2
36,69,9,32,0.45,78,1
29,72,15,38,0.38,79,1
28,62,12,43,0.37,47,1
17,22,4,15,0.41,86,1
32,46,6,26,0.65,81,1
41,70,12,38,0.62,53,1
31,49,15,22,0.64,91,1
95,137,8,26,1.09,51,3
133,231,12,44,1.76,50,4
75,129,11,44,1.09,71,3
67,107,17,36,0.79,93,2
77,128,22,39,1.03,97,2
87,141,34,38,1.05,105,2
96,160,19,52,1.21,99,3
85,141,24,37,1.03,141,2
95,155,19,58,1.06,49,3
117,202,25,46,1.39,197,2
62,111,24,44,0.75,79,2
45,92,21,49,0.6,68,1
47,106,18,55,0.65,94,2
71,139,21,49,0.9,126,2
52,94,22,33,0.71,135,2
41,92,24,48,0.74,96,2
96,170,23,59,1.18,96,3
46,83,9,39,0.56,86,1
42,99,20,51,0.57,104,2
27,71,12,51,0.45,80,1
27,71,17,54,0.52,91,1
58,121,23,54,0.88,129,2
37,125,11,32,0.47,65,2
57,190,26,62,0.8,86,3
79,192,14,64,0.87,112,3
79,152,12,44,1.07,107,2
70,124,9,53,0.67,47,3
21,50,14,37,0.39,51,1
25,57,11,38,0.34,58,1
60,126,32,69,0.72,76,3
119,201,53,70,1.16,68,4
101,181,13,64,0.79,58,3
24,62,10,46,0.51,34,1
29,56,8,41,0.6,31,1
39,66.5,13,38,0.645,43,1
49,77,18,35,0.69,55,1
55,91,18,42,0.69,57,1
83,125,19,54,0.8,22,3
59,77,14,32,0.74,38,1
21,30,6,24,0.48,32,1
10,14,11,19,0.23,51,1
23,36,9,32,0.41,34,1
50,83,24,45,0.73,37,1
65,109,15,54,0.91,39,3
36,60,10,53,0.75,22,1
61,102,21,56,1.13,18,1
84,137,15,62,1.7,16,3
76,131,9,60,1.73,11,3
74,102,8,40,1.21,37,1
71,112,10,46,1.35,36,3
94,154,11,63,1.67,41,3
87,149,8,48,1.55,39,3
32,55,10,42,0.64,31,1
47,81,13,51,1.02,33,1
76,126,14,57,1.26,41,3
102,166,16,77,1.27,8,3
128,188,9,61,1.6,21,3
139,222,8,56,1.69,15,4
60,123,7,39,1.14,28,3
16,41,6,36,0.33,41,1
36,83,17,51,0.71,26,1
85,169,31,78,1.55,13,3
83,160,20,85,1.29,20,3
87,164,20,83,1.31,22,3
33,68,36,44,0.71,33,1
61,116,35,63,1.23,27,3
98,168,24,76,1.16,21,3
143,225,18,94,1.5,22,4
157,273,24,95,1.54,27,4
52,105,30,67,0.98,20,1
47,104,19,70,1.06,13,1
27,70,10,28,0.41,49,1
25,57,13,45,0.53,31,1
86,153,50,77,1.27,13,3
70,145,18,53,1.07,33,3
32,78,21,46,0.72,24,1
59,113,46,59,1.07,24,3
63,115,38,75,1.24,21,3
58,110,15,64,1.04,27,3
30,66,18,37,0.62,39,1
145,220,48,88,1.93,17,4
193,282,42,102,2.65,20,4
158,239,32,94,2.33,15,4
38,88,11,33,0.77,46,1
21,60,10,23,0.55,47,1
27,65,14,29,0.72,41,1
127,211,50,76,2.23,18,4
52,97,20,49,1.05,31,1
92,146,37,72,1.78,16,3
73,133,19,64,1.45,29,3
26,53,28,35,0.78,41,1
56,101,30,57,1.33,24,1
130,193,47,87,2.46,17,4
230,311,45,111,3.2,14,5
136,197,41,90,2.26,23,4
47,83,33,47,1.15,29,1
36,74,23,37,1.02,38,1
98,162,46,75,2.28,19,3
56,95,16,48,1.21,32,1
30,66,19,43,0.83,32,1
121,194,62,89,2.3,17,4
38,76,31,39,0.75,54,1
45,74,36,50,1.01,28,1
36,56,27,40,0.91,37,1
52,89,30,66,1.49,16,1
109,152,39,70,2.38,14,3
163,217,30,75,2.51,16,4
26,58,8,24,0.54,60,1
40,80,21,47,1.06,35,1
31,69,20,36,0.81,45,1
47,92,30,49,1.19,26,1
38,76,22,46,1.05,40,1
108,161,56,81,2.22,17,3
187,269,86,122,3.69,15,4
169,240,43,110,3.49,12,4
56,99,18,42,1.08,55,1
77,126,42,63,1.69,26,3
62,102,40,68,1.55,25,3
116,164,45,76,2.2,15,3
129,186,31,86,2.71,13,4
205,284,32,93,3.74,9,4
321,472,17,111,4.58,10,6
112,175,28,67,2.19,20,3
66,120,30,71,2.01,18,3
62,102,31,64,1.94,13,3
56,92,29,57,1.29,22,1
75,112,35,61,1.54,13,3
126,180,49,78,2.23,15,4
139,193,42,87,2.48,17,4
142,186,37,70,2.2,27,4
51,100,12,28,0.82,56,1
23,67,9,25,0.55,60,1
26,49,16,28,0.57,58,1
37,57,19,37,0.76,44,1
96,145,52,69,1.95,19,3
164,229,51,88,2.74,13,4
211,282,41,117,3.25,12,5
125,179,27,93,2.39,15,4
80,165,37,75,2.05,21,3
153,267,51,95,3.02,10,4
190,295,42,90,3.16,19,5
194,290,57,112,3.32,15,5
155,226,41,104,2.73,18,4
40,76,14,44,0.93,26,1
62,86,27,51,1.36,28,1
46,71,42,37,0.93,46,1
96,125,64,61,1.78,29,3
79,106,53,65,1.84,27,3
100,134,54,70,2.15,23,3
123,161,44,74,2.23,18,3
85,120,26,52,1.52,36,3
29,63,16,43,0.8,45,1
60,97,27,57,1.44,30,1
60,103,39,59,1.35,31,1
106,174,44,69,2.21,25,3
17,34,5,14,0.36,72,1
43,66,51,47,1.03,39,1
51,78,71,48,1.13,40,1
35,57,20,36,0.73,49,1
105,151,61,68,2.22,27,3
67,103,41,44,1.36,53,1
67,121,32,53,1.37,41,3
83,169,29,57,1.73,39,3
27,62,25,23,0.73,59,1
22,58,9,15,0.55,72,1
21,57,12,14,0.63,71,1
91,132,48,48,1.81,51,3
65,99,25,44,1.14,49,1
108,143,41,43,1.66,59,3
229,287,67,40,1.69,67,5
128,164,33,37,1.92,54,3
136,177,31,50,2.03,66,3
168,213,25,58,2.45,39,4
115,150,16,36,1.71,55,3
80,110,22,30,1.38,68,2
81,117,42,39,1.46,58,3
53,99,24,40,1.04,59,1
31,72,15,20,0.55,70,1
58,97,33,44,1.2,52,1
126,184,40,80,1.94,48,4
163,237,23,69,1.92,30,4
131,195,24,47,1.53,78,3
28,73,13,26,0.51,77,1
97,156,34,52,1.4,63,3
205,279,36,60,1.85,42,4
96,192,15,42,1.12,49,3
44,81,19,38,0.95,59,1
45,72,22,38,0.79,48,1
56,94,24,42,0.89,49,1
79,119,16,50,1.18,54,3
106,157,24,57,1.49,66,3
135,204,26,72,1.52,75,4
54,88,16,45,0.97,56,1
143,215,30,78,1.99,61,4
246,343,34,84,2.4,118,5
222,301,23,61,1.9,100,5
61,164,10,28,0.8,72,3
26,56,7,23,0.49,84,1
51,74,9,39,0.75,47,1
95,115,7,40,0.91,41,3
100,135,11,46,1.14,59,3
36,64,24,40,0.54,63,1
41,73,17,37,0.77,69,1
81,130,23,54,1.13,62,3
117,186,28,74,1.3,54,3
72,125,15,67,0.95,68,3
88,148,26,58,1.07,98,3
84,147,29,50,1.02,108,2
86,178,32,46,0.97,83,3
92,393,17,52,0.91,63,5
27,102,18,31,0.66,76,1
33,72,19,40,0.65,86,1
107,197,27,89,1.18,77,3
134,235,26,71,1.27,118,4
134,256,30,56,1.27,136,4
47,161,13,27,0.71,74,3
22,36,11,21,0.51,67,1
41,65,9,28,0.62,54,1
14,46,3,9,0.32,54,1
20,58,15,31,0.52,97,1
45,99,29,51,0.85,81,2
76,140,28,58,1.1,65,3
79,184,19,58,1.23,91,3
30,82,17,40,0.63,66,1
57,135,25,58,0.91,70,3
31,48,7,32,0.76,63,1
23,72,4,15,0.52,59,1
24,74,8,35,0.44,83,1
56,170,33,42,0.81,71,3
65,193,21,38,0.77,89,3
77,198,24,37,0.94,103,3
79,167,39,40,0.85,113,2
73,148,16,38,0.74,111,2
62,95,12,41,1.14,141,2
18,24,4,19,0.34,68,1
28,49,5,34,0.47,80,1
31,69,7,41,0.5,74,1
53,96,23,44,0.67,76,2
100,163,28,55,1.06,104,3
55,147,13,37,0.55,101,2
79,157,33,46,0.9,107,2
77,135,36,40,0.99,147,2
42,87,15,23,0.55,120,2
40,145,8,25,0.44,88,2
17,42,6,24,0.33,76,1
19,57,8,31,0.34,83,1
44,92,26,38,0.7,123,2
50,211,12,29,0.4,88,3
47,124,14,31,0.61,105,2
51,114,35,29,0.63,121,2
25,60,13,30,0.47,104,1
35,81,15,43,0.55,127,2
62,118,22,36,0.8,144,2
63,102,13,32,0.71,133,2
81,133,16,30,0.68,123,2
56,100,14,34,0.62,121,2
85,161,17,44,0.83,134,2
59,103,32,31,0.85,96,2
60,85,17,27,0.93,94,2
48,80,10,28,0.81,83,1
54,106,27,31,0.83,146,2
40,75,25,34,0.59,119,2
34,48,6,21,0.48,115,1
44,60,9,24,0.6,78,1
34,86,6,23,0.32,86,1
37,126,21,37,0.58,103,2
47,116,28,33,0.73,130,2
68,135,16,24,0.79,127,2
103,185,30,34,1.52,113,3
38,128,10,36,0.27,95,2
34,128,16,35,0.32,90,2
19,50,9,29,0.24,110,1
28,77,18,44,0.37,103,1
35,88,12,55,0.47,115,2
33,79,13,44,0.5,145,2
58,122,26,37,0.88,199,2
52,126,16,27,0.59,151,2
35,106,11,28,0.43,143,2
30,106,23,31,0.63,154,2
42,128,22,33,0.66,212,2
30,71,9,18,0.52,168,2
28,66,9,23,0.5,132,2
16,29,6,14,0.35,109,1
28,46,6,16,0.5,131,1
47,81,7,24,0.59,142,2
64,123,11,35,0.78,149,2
44,72,8,21,0.7,129,2
32,67,6,33,0.56,135,2
46,88,11,27,0.7,164,2
53,97,13,25,0.71,157,2
37,69,11,22,0.59,150,2
64,111,13,29,0.72,158,2
46,82,10,27,0.71,141,2
38,69,10,22,0.56,147,2
53,114,18,37,1.22,187,2
40,74,12,32,0.65,150,2
38,78,16,26,0.6,208,2
45,82,13,21,0.59,191,2
60,104,12,28,0.71,150,2
69,99,10,21,0.75,151,2
57,97,13,25,0.81,138,2
16,35,8,21,0.27,109,1
27,69,16,31,0.52,160,2
35,70,14,22,0.59,177,2
37,62,11,17,0.64,170,2
42,64,10,15,0.54,137,2
43,74,11,20,0.63,149,2
65,108,13,30,0.77,169,2
48,89,17,25,0.78,166,2
51,81,10,22,0.93,183,2
49,74,9,24,0.67,78,1
47,58,4,20,0.74,118,2
56,77,7,26,0.66,81,1
32,42,6,21,0.53,70,1
29,40,6,24,0.48,61,1
30,41,3,24,0.69,75,1
50,68,5,36,0.87,56,1
37,47,8,25,0.6,83,1
42,65,8,31,0.74,101,1
30,41,6,20,0.63,85,1
30,32,5,22,0.57,56,1
45,56,4,17,0.65,95,1
33,49,6,19,0.57,119,1
46,71,8,18,0.68,144,2
47,71,9,19,0.69,147,2
49,72,7,21,0.63,136,2
43,63,8,25,0.73,98,1
24,36,7,14,0.56,91,1
21,31,5,17,0.52,109,1
17,41,8,29,0.51,102,1
42,65,12,16,0.86,139,2
41,60,15,18,0.81,130,2
45,68,10,19,0.8,129,2
46,72,18,22,0.79,121,2
46,80,39,33,0.84,117,2
47,80,10,28,0.76,133,2
64,98,12,25,1.13,131,2
48,79,11,24,0.82,140,2
50,87,13,26,0.95,192,2
32,51,9,20,0.59,103,1
29,42,6,18,0.87,87,1
55,77,7,30,1.22,78,1
37,47,5,21,0.94,86,1
23,33,6,22,1.01,87,1
29,52,11,29,0.92,113,1
29,49,14,23,0.78,128,1
27,38,7,16,0.67,132,1
33,46,5,14,0.7,138,2
25,35,4,15,0.63,73,1
15,29,4,17,0.52,95,1
16,36,4,23,0.42,100,1
25,55,10,26,0.56,157,2
26,52,8,24,0.59,131,2
22,37,5,26,0.55,58,1
24,36,7,14,0.6,102,1
25,54,6,31,0.48,106,1
32,81,12,54,0.7,65,1
23,50,7,29,0.51,111,1
30.5,62.5,11.5,26.5,0.64,137,2
38,75,16,24,0.77,155,2
39.5,73,20,25.5,0.755,122.5,2
41,71,24,27,0.74,163,2
32,61,17.5,27.5,0.625,140.5,2
23,51,11,28,0.51,118,1
22,46.5,8.5,25,0.555,100,1
21,42,6,22,0.6,82,1
41,61.5,6.5,24,0.79,104,1
61,81,7,26,0.98,126,2
28,51,5,28,0.41,70,1
14,37,7,33,0.36,57,1
19,51,11,33,0.42,70,1
23,64,11,21,0.46,68,1
12,29,6,27,0.28,55,1
15,37,11,33,0.31,53,1
23,54,19,37,0.47,85,1
42,89,23,51,0.71,74,1
37,74,22,32,0.62,93,1
48,85,56,41,0.73,91,2
78,142,22,53,0.95,85,3
83,140,18,50,1,85,3
47,82,10,35,0.64,32,1
20,58,13,36,0.43,42,1
36,75,12,49,0.59,33,1
33,55,9,34,0.72,58,1
55,83,8,38,0.8,51,1
60,91,12,49,0.79,48,1
43,79,10,35,0.54,47,1
15,46,5,33,0.34,49,1
16,43,6,34,0.31,48,1
21,51,9,33,0.37,46,1
41,84,23,47,0.67,32,1
43,75,9,41,0.67,69,1
83,140,14,58,1,59,3
39,73,5,34,0.58,52,1
18,37,6,30,0.37,51,1
16,47,8,28,0.36,43,1
16,38,4,34,0.38,56,1
23,54,6,42,0.46,51,1
41,97,10,60,0.64,45,1
60,124,13,75,0.86,60,3
106,188,17,77,1.11,82,3
49,103,11,44,0.59,48,1
25,68,16,41,0.5,41,1
41,100,16,52,0.67,39,1
17,48,4,26,0.36,42,1
23,55,19,35,0.5,29,1
27,62,10,43,0.54,30,1
62,134,17,65,0.91,30,3
99,175,19,81,1.18,41,3
134,230,24,92,1.25,21,4
166,260,25,87,1.37,18,4
97,135,9,42,1.22,42,3
70,109,12,57,1.26,26,3
65,109,10,54,0.98,44,1
75,124,14,66,0.99,47,3
77,129,17,68,0.94,54,3
120,196,28,84,1.36,22,4
113,192,13,60,1.16,36,3
22,63,10,39,0.44,40,1
63,131,23,70,0.85,28,3
99,187,20,98,1.11,9,3
14,50,3,17,0.27,53,1
26,68,10,44,0.51,27,1
13,41,5,22,0.3,58,1
24,51,43,38,0.44,36,1
53,98,45,56,0.69,28,1
67,123,29,77,1.03,17,3
110,183,23,85,1.37,26,3
163,235,48,96,1.29,27,4
171,244,20,84,1.4,40,4
121,172,12,67,1.01,10,3
26,38,5,32,0.5,16,1
39,71,22,47,0.72,6,1
56,110,22,58,1.27,6,3
67,111,19,53,1.03,24,3
74,125,33,63,1.04,20,3
22,49,11,49,0.49,22,1
53,96,13,46,0.8,38,1
129,184,26,73,1.58,23,4
180,259,16,71,1.99,15,4
142,223,6,47,1.83,35,4
119,163,21,55,1.2,7,3
20,39,7,34,0.45,33,1
68,107,21,55,1.09,15,3
63,112,20,50,1.2,25,3
103,171,29,77,1.44,12,3
85,155,20,84,1.36,8,3
57,106,14,53,0.96,19,1
93,151,27,63,1.38,15,3
105,164,22,78,1.87,6,3
129,195,23,75,1.89,19,4
193,269,28,98,2.39,15,4
356,464,43,127,3.79,6,6
229,399,46,89,2.45,13,5
76,214,22,65,1.33,14,3
71,195,28,72,1.64,11,3
124,263,36,73,2.11,12,4
183,339,28,87,2.31,9,5
184,304,11,61,1.9,21,4
92,265,7,46,1.05,25,4
40,124,14,48,0.82,21,3
84,165,29,57,1.48,4,3
55,102,6,29,0.87,28,1
27,48,20,26,0.57,35,1
25,47,9,28,0.53,42,1
80,122,32,52,1.33,19,3
103,157,33,72,1.78,9,3
72,121,33,58,1.17,17,3
112,172,36,63,1.92,13,3
124,190,41,79,2.15,11,4
101,148,32,70,1.66,16,3
156,216,47,90,2.55,9,4
240,331,33,98,3.55,15,5
37,86,21,44,0.93,34,1
100,167,52,75,1.88,15,3
112,180,37,87,2.18,11,3
111,185,30,86,2.2,14,3
124,196,38,94,2.01,12,4
